,id,top_words
0,W7wJDJ56c88,"['protein', 'fold', 'amino', 'acid', 'physics-bas', '3d', 'residu', 'alpha', 'misfold', 'breakthrough']"
1,Lks97-GLElk,"['comma', 'longitudin', 'lane', 'pilot', 'printer', 'offic', 'acc', 'cluster', 'georg', 'road']"
2,_ySbzVXiwzQ,"['masteri', 'habit', 'day', 'hack', 'music', 'skill', 'hour', 'expertis', 'sing', 'slash']"
3,Aq9UPIXbtKI,"['gene', 'genom', 'diseas', 'genet', 'cell', 'variant', 'perturb', 'alzheim', 'rna', 'basic']"
4,BOIxl0kJmV4,"['meme', 'overflow', 'news', 'trend', 'slam', 'cpu', 'pop-up', 'comma', 'schedul', 'bullish']"
5,_L3gNaAVjQ4,"['comma', 'ethereum', 'tesla', 'waymo', 'car', 'monitor', 'fork', 'pilot', 'driver', 'georg']"
6,nAMjv0NAESM,"['np', 'p', 'conscious', 'quantum', 'know', 'tour', 'consciou', 'okay', 'penros', 'right']"
7,NbdRIVCBqNI,"['brain', 'emot', 'infant', 'metabol', 'categori', 'predict', 'darwin', 'bodi', 'empathi', 'budget']"
8,BIk1zUy8ehU,"['trump', 'troll', 'libertarian', 'conspiraci', 'rape', 'anarchi', 'biden', 'parti', 'alt-right', 'hitler']"
9,FKCJWkPehdY,"['fuck', 'gun', 'jiu', 'guard', 'podcast', 'jitsu', 'martial', 'listen', 'comedi', 'duncan']"
10,IT__Nrr3PNI,"['emac', 'tico', 'java', 'cabl', 'c', 'know', 'arpanet', 'jerk', 'program', 'lisp']"
11,hhEwWghH_XM,"['jiu', 'jitsu', 'martial', 'coach', 'fight', 'conor', 'khabib', 'bj', 'guess', 'belt']"
12,iw1obNGEt5E,"['studio', 'jami', 'chimp', 'tv', 'joe', 'texa', 'self-crit', 'podcast', 'rogan', 'camera']"
13,t06rkOOUa7g,"['rat', 'rna', 'life', 'embrac', 'gene', 'basic', 'epigenom', 'dna', 'neanderth', 'kid']"
14,aB8zcAttP1E,"['airplan', 'fli', 'tic', 'tac', 'radar', 'hornet', 'squadron', 'guy', 'hey', 'pilot']"
15,8rc0QljS_sM,"['grandmoth', 'love', 'taught', 'treasur', 'lesson', 'quiet', 'bugatti', 'unshak', 'cannib', 'vike']"
16,_AGPbvCDBCk,"['replica', 'chatbot', 'convers', 'loneli', 'friend', 'felt', 'lone', 'roman', 'russian', 'eugenia']"
17,aJgZgisiUsY,"['neurolink', 'replay', 'brain', 'augment', 'excit', 'regain', 'immers', 'smarter', 'memori', 'allevi']"
18,PUAdj3w3wO4,"['intellig', 'test', 'instanc', 'iq', 'arc', 'prior', 'psychometr', 'task', 'cognit', 'skill']"
19,0m3hGZvD-0s,"['session', 'hour', 'diet', 'keto', 'mantra', 'day', 'grind', 'exercis', 'tensorflow', 'minut']"
20,386s-y1aRRo,"['brain', 'malleabl', 'plastic', 'livewir', 'schizophrenia', 'infrar', 'wire', 'psychiatri', 'exactli', 'synaps']"
21,amCsM265Lw0,"['review', 'meme', 'shave', 'substant', 'appetit', 'netflix', 'math', 'cosin', 'fish', 'file']"
22,U_6AYX42gkU,"['video', 'exponenti', 'feynman', 'shave', 'channel', 'doordash', 'topolog', 'lake', 'growth', 'script']"
23,HPfPFM1wNmE,"['comparison', 'chain', 'python', 'featur', 'oper', 'statement', 'fals', 'return', 'equal', 'less']"
24,qfKyNxfyWbo,"['heidegg', 'death', 'kierkegaard', 'becker', 'skidmor', 'denial', 'reciproc', 'book', 'jordan', 'anxieti']"
25,U41dkEpj6NU,"['ascii', 'vlc', 'name', 'podcast', 'rss', 'guest', '3.0', 'tech', 'intimid', 'serious']"
26,-jA2ABHBc6Y,"['planet', 'star', 'exoplanet', 'telescop', 'earth', 'sun', 'life', 'starshad', 'shade', 'oxygen']"
27,tg_m_LxxRwM,"['cortic', 'model', 'brain', 'captcha', 'cortex', 'infer', 'neurosci', 'network', 'connect', 'neuron']"
28,amXXYgu0eFY,"['integ', 'cach', 'java', '132nd', 'array', '127', '128', '256', 'writabl', '133rd']"
29,A22Ej6kb2wo,"['robot', 'contact', 'barefoot', 'actuat', 'control', 'atla', 'simul', 'humanoid', 'dynam', 'drake']"
30,belS2Ek4-ow,"['num', 'comprehens', 'list', 'notat', 'filter', 'ternari', 'fibo', 'lambda', 'fibonacci', 'element']"
31,brslF-Cy3HU,"['genom', 'protein', 'gene', 'rna', 'mutat', 'virus', 'cell', 'viru', 'immun', 'basic']"
32,pDSEjaDCtOU,"['christian', 'fission', 'fusion', 'plasma', 'energi', 'god', 'magnet', 'nuclear', 'reaction', 'reactor']"
33,KN2TTiGpDvM,"['assign', 'walru', 'pep', 'python', 'express', '572', '3.8', 'guido', 'oper', 'leadership']"
34,KllCrlfLuzs,"['np', 'algorithm', 'polynomi', 'p', 'cliqu', 'problem', 'combinatori', 'claus', 'graph', 'circuit']"
35,LRYkH-fAVGE,"['vision', 'child', 'segment', 'visual', 'unknown', 'comput', 'skateboard', 'object', 'bottom-up', 'percept']"
36,AB60_uUetJs,"['javascript', 'librari', 'backend', 'languag', 'busta', 'pasina', 'mpm', 'ugliest', 'printf', 'boatload']"
37,i3ZnDRrmFjg,"['neuron', 'spiral', 'hyper', 'orang', 'network', 'playground.tensorflow.org', 'hidden', 'classif', 'layer', 'partit']"
38,G1-wse8nsxY,"['unix', 'denni', 'c', 'book', 'hello', 'languag', 'manual', 'vein', 'program', 'text']"
39,O9upVbGSBFo,"['unix', 'program', 'languag', 'bell', 'awk', 'assembl', 'file', 'editor', 'lab', 'programm']"
40,kxi-_TT_-Nc,"['reinforc', 'robot', 'polici', 'learn', 'reward', 'problem', 'iceberg', 'bottleneck', 'dish', 'supervis']"
41,llh-2pqSGrs,"['suffer', 'ethic', 'utilitarian', 'consciou', 'anim', 'poverti', 'conscious', 'pain', 'war', 'elimin']"
42,DEqXNfs_HhY,"['doughnut', 'donut', 'spin', 'toru', 'andi', 'lumin', 'dfe', 'rotat', 'ascii', 'aka']"
43,3t06ajvBtl0,"['neurosci', 'prefront', 'cortex', 'meta', 'brain', 'dopamin', 'psycholog', 'behavior', 'cognit', 'learn']"
44,_hni6uuorKk,"['exercis', 'pull-up', 'push-up', 'injuri', '34', 'healthi', '20,000', 'push', 'excus', 'withstand']"
45,k8Zomsf3uBI,"['oil', 'blanket', 'evidenc', 'drop', 'state', 'exist', 'surfac', 'energi', 'self-awar', 'free']"
46,9LQffCdHHlQ,"['vessel', 'drug', 'blood', 'tissu', 'deliveri', 'cancer', 'patent', 'someday', 'cell', 'tumor']"
47,pXEl0R1BX-g,"['disadvantag', 'libya', 'zecharia', 'hardship', 'overcom', 'joy', 'superpow', 'passion', 'chapter', 'stori']"
48,gaMz3JGuA5E,"['dial', 'extracellular', 'longev', 'pain', 'stiffer', 'prolong', 'joy', 'growth', 'abolish', 'death']"
49,naed4C4hfAg,"['instruct', 'moor', 'microprocessor', 'risk', 'softwar', 'disk', 'intel', 'hardwar', 'comput', 'benchmark']"
50,0lAYQWM0aHk,"['sophia', 'sofia', 'hong', 'kong', 'david', 'hanson', 'robot', 'agi', 'phil', 'singular']"
51,7vtaNGn6KK8,"['selfish', 'tribe', 'altruism', 'abund', 'kin', 'evil', 'select', 'innat', 'wither', 'rand']"
52,vlea7PtVXJ0,"['ego', 'resist', 'self', 'springsteen', 'bruce', 'fear', 'muse', 'villain', 'album', 'relentless']"
53,PgtedwKGhXs,"['ego', 'war', 'muse', 'resist', 'six-day', 'warrior', 'israel', 'archetyp', 'writer', 'alexand']"
54,tyrPMVMb-Uw,"['fractal', 'spiral', 'simul', 'dalai', 'lama', 'identif', 'color', 'identifi', 'exist', 'brain']"
55,aRdUqKtbgsY,"['ident', 'medit', 'immort', 'illus', 'mortal', 'attent', 'fear', 'narr', 'control', 'suppress']"
56,8mixT5_U0hk,"['cooki', 'cell', 'mover', 'god', 'automaton', 'scarciti', 'happi', 'spontan', 'infect', 'apprais']"
57,P-2P3MSZrBM,"['model', 'brain', 'cell', 'instanc', 'basic', 'attent', 'exist', 'suspect', 'cooki', 'boltzmann']"
58,xv4gGyJKyKg,"['jew', 'jewish', 'anti-semit', 'war', 'propaganda', '1953', 'stalin', 'holocaust', 'armi', 'father']"
59,lsTRQNoj0q4,"['fuck', 'shit', 'suffer', 'ass', 'morn', 'resum', 'elbow', 'remind', 'wake', 'shoe']"
60,xZlt2tqHd80,"['fuck', 'pull-up', 'push-up', 'exercis', 'squat', 'roller', 'injuri', 'ab', 'day', 'david']"
61,cCXCY9hRkT0,"['molecul', 'simplic', 'kapitza', 'brownian', '1905', 'motion', 'einstein', 'prove', 'particl', 'microscop']"
62,hNCz-8QIWuI,"['fusion', 'tokamak', 'cold', 'out-of-the-box', 'sahara', 'cerium', '1953', 'denser', 'eater', 'etherium']"
63,3aAHbLujdtk,"['reactor', 'communist', 'accid', 'chernobyl', 'gossip', 'nuclear', 'hydrogen', 'temperatur', 'movi', 'mosh']"
64,BwDfEtpToNw,"['vodka', 'toast', 'jewish', 'limo', 'rocket', 'greg', 'father', '1986', 'french', 'eighth']"
65,dtSJ2CN0DHo,"['plasma', 'temperatur', 'electron', 'ioniz', 'melt', 'hot', 'liquid', 'cold', 'ga', 'lightn']"
66,6JipQNWuYnA,"['plasma', 'jewish', 'america', 'chemistri', 'jew', 'poetri', 'temperatur', 'greg', 'soviet', 'kiev']"
67,NwzuibY5kUs,"['oil', 'brain', 'blanket', 'blob', 'anatomi', 'segreg', 'surfac', 'evidenc', 'hierarch', 'soup']"
68,7KTbEn7PiaY,"['robot', 'sex', 'abus', 'expressvpn', 'ethic', 'alexa', 'anim', 'empathi', 'treat', 'relationship']"
69,M1-v-dXIzho,"['vehicl', 'drone', 'optimu', 'transport', 'autonom', 'aggress', 'camera', 'simul', 'car', 'know']"
70,jdt4PPY09rQ,"['entrepreneur', 'myth', 'spous', 'rent', 'younger', 'prepar', 'advic', 'overwhelm', 'chacma', 'relationship']"
71,aYwDs9LTN50,"['philanthropi', 'presid', 'china', 'hostil', 'expressvpn', 'lint', 'schwartzman', 'masterclass', 'know', 'masterclass.com']"
72,HhY95m-WD_E,"['attack', 'secur', 'confidenti', 'privaci', 'program', 'synthesi', 'perturb', 'adversari', 'vulner', 'essenti']"
73,xoVibFYi1Gs,"['vision', 'languag', 'uniti', 'reinforc', 'rl', 'gradient', 'benchmark', 'shovel', 'nlp', 'overlap']"
74,i0UyKsAEaNI,"['agi', 'simul', 'self', 'relinquish', 'perturb', 'mistak', 'reset', 'frontier', 'impress', 'transfer']"
75,13CZPWmke6A,"['neural', 'network', 'gpt2', 'self-play', 'languag', 'train', 'agi', 'learn', 'model', 'recurr']"
76,MrIFte_rOh0,"['decomposit', 'polici', 'reinforc', 'rl', 'agent', 'learn', 'repres', 'environ', 'choic', 'decompos']"
77,xlMTWfkQqbY,"['diseas', 'cell', 'coursera', 'cure', 'mooc', 'gene', 'genet', 'stem', 'learn', 'dish']"
78,Q4D_4CGWYNk,"['nap', 'quiet', 'torah', 'storylin', 'suffer', 'lost', 'vulner', 'war', 'soviet', 'tragedi']"
79,w_SNIwW6iX8,"['superpow', 'eat', 'diet', 'uncomfort', 'meal', 'speech', 'nur', '3mm', 'hof', 'wim']"
80,KceRmxCnXDA,"['stuf', 'hedgehog', 'hedgi', 'face-to-fac', 'anim', 'possess', 'downsiz', 'brood', 'thrift', 'bitter']"
81,LLFBM-CON9E,"['higg', 'particl', 'lhc', 'boson', 'supersymmetri', 'electroweak', 'technicolor', 'quark', 'field', 'theori']"
82,8A-5gIW0-eI,"['particl', 'higg', 'lhc', 'quark', 'collid', 'proton', 'electron', 'field', 'forc', 'antimatt']"
83,MGW_Qcqr9eQ,"['ture', 'test', 'paper', 'intellig', 'lovelac', 'object', 'convers', 'appear', 'interrog', 'mitsuko']"
84,nXwpiPybr0Q,"['yang', 'ratatouil', 'cashier', 'displac', 'point-of-sal', 'rito', 'trumpet', 'kiosk', 'own', 'floor']"
85,60KJz1BVTyU,"['currenc', 'merchant', 'ident', 'payment', 'yang', 'hacker', 'enabl', 'pseudonym', 'ramif', 'squar']"
86,CwyOUS8TSl0,"['viru', 'protein', 'virus', 'vaccin', 'sar', 'fold', 'antivir', 'viral', 'corona', 'contagi']"
87,L7MiE1zO5PI,"['wolfram', 'languag', 'volcano', 'contract', 'symbol', 'comput', 'knowledg', 'sort', 'nearest', 'alpha']"
88,V37eWVm-9BA,"['calcul', 'intuit', 'caltech', 'printout', 'integr', 'feynman', 'compani', 'one-third', 'printer', 'comput']"
89,ez773teNFYA,"['comput', 'wolfram', 'univers', 'rule', 'languag', 'cellular', 'sort', 'automata', 'equival', 'know']"
90,fgGZMRJ15oY,"['seminar', 'hotel', 'advisor', 'secret', 'h', 'depart', 'index', 'advis', 'danc', 'harvard']"
91,_2ISnlT7j9A,"['elon', 'planet', 'mar', 'spun', 'money', 'batteri', 'semi-seri', 'issa', 'reacquaint', 'reycart']"
92,vdW9XDBuxjU,"['spinner', 'canva', 'protractor', 'ruler', 'manifold', 'dirac', 'theori', 'uniti', '14', 'quark']"
93,CdiJGDNQAo8,"['legaci', 'voic', 'accur', '37', 'junctur', 'ding', 'hurt', 'terrif', 'exagger', 'fraud']"
94,ZK5r9OZ73Xg,"['schwartz', 'aaron', 'institut', 'betray', 'mit', 'inclus', 'harvard', 'divers', 'nonsens', 'prosecut']"
95,rIAZJNe7YtE,"['spinner', 'institut', 'canva', 'schwartz', 'protractor', 'theori', 'ruler', 'dirac', 'manifold', 'aaron']"
96,vANfwm450dE,"['dna', 'etern', 'frighten', 'goal', 'nobl', 'propag', 'ponder', 'born', 'machineri', 'mortal']"
97,zkudRy8b8JY,"['simul', 'cube', 'programm', 'gradual', 'meta', 'bostrom', 'skull', 'nick', 'resid', 'novel']"
98,5f-JlzBuUUU,"['conspiraci', 'darwinian', 'religion', 'meme', 'moral', 'religi', 'villag', 'propag', 'god', 'attract']"
99,UfMyp1wFgxE,"['sink', 'mad', 'music', 'granddad', 'toka', 'ignit', 'leaf', 'crumbl', 'wick', '41']"
100,e77NkSjnyH4,"['alphago', 'alpha', 'game', 'zero', 'chess', 'atari', 'play', 'self', 'two-play', 'error']"
101,hXgqik6HXc0,"['microtubul', 'quantum', 'schroding', 'conscious', 'stuart', 'orchestr', 'anesthet', 'hameroff', 'photosynthesi', 'graviti']"
102,uPUEq8d73JI,"['alphago', 'game', 'alpha', 'reinforc', 'play', 'champion', 'player', 'learn', 'goal', 'lisa']"
103,od2mXm6ZJEw,"['bitter', 'gratitud', 'poem', 'desert', 'beastial', 'dissatisfact', 'restless', 'crane', 'squat', 'heart']"
104,8aVB5xgCllY,"['passion', '27,000', 'pursuit', 'work-lif', 'insecur', 'unhealthi', 'pragmat', 'advisor', 'balanc', 'warn']"
105,5qjA8HPJl_0,"['despair', 'excit', 'detour', 'voic', 'pursuit', 'passion', 'bitter', 'advic', 'love', 'learn']"
106,K_FUlo8BF9Y,"['infin', 'photon', 'hole', 'colder', 'bang', 'bore', 'angel', 'clock', 'devil', 'cosmolog']"
107,orMtwOz6Db0,"['quantum', 'infin', 'bang', 'microtubul', 'conscious', 'schroding', 'gravit', 'cerebellum', 'expressvpn', 'consciou']"
108,IiSKptK92S4,"['intellig', 'explos', 'super', 'expuls', 'criteria', 'alpha', 'near', 'fabric', 'term', 'cognit']"
109,NvsI8ijW8xU,"['altruism', 'suffer', 'chariti', 'effect', 'poverti', 'anim', 'incom', 'donat', 'benefit', 'poor']"
110,Iy6he5RNXY0,"['peanut', 'peru', 'experi', 'fake', 'machin', 'tank', 'farmer', 'simul', 'plug', 'nozick']"
111,vx7DLImJ1Mw,"['simul', 'doomsday', 'urn', 'argument', 'observ', 'assumpt', 'ball', 'sampl', 'indiffer', 'anthrop']"
112,qFmaSNP6_z4,"['mask', 'jeremi', 'czech', 'reopen', 'wear', 'cotton', 'rachel', 't-shirt', 'transmiss', 'republ']"
113,rfKiTGj-zeQ,"['simul', 'argument', 'civil', 'matur', 'urn', 'doomsday', 'technolog', 'intellig', 'peanut', 'peru']"
114,RFMA0fAS4e0,"['notif', 'patient', 'mask', 'oxygen', 'breath', 'stat', 'fever', 'ventil', 'sick', 'hospit']"
115,VZhYHUiBtjo,"['sustain', 'peac', 'ideal', 'idealist', 'optim', 'optimist', 'war', 'articul', 'cp+', 'vision']"
116,_TTNGq9djU4,"['pressur', 'leader', 'iceberg', 'toxic', 'passion', 'sustain', 'sinek', 'game', 'finit', 'infinit']"
117,YAaJ6j1DNeg,"['contract', 'aetherium', 'shard', 'proof', 'stake', 'ffg', 'coin', 'token', 'crypto', 'cryptocurr']"
118,iOCfIFBBpVY,"['robot', 'reward', 'specifi', 'behavior', 'human', 'optim', 'walli', 'assumpt', 'interact', 'action']"
119,mKtsM2vv0DA,"['satoshi', 'nakamoto', 'bitcoin', 'anonym', 'aetherium', 'disappear', 'internet', 'cryptocurr', 'project', 'priest']"
120,QOE-YbDvAj8,"['money', 'quadrat', 'coin', 'utopia', 'squar', 'econom', 'benefit', 'payment', 'tragedi', 'compens']"
121,3x1b_S6Qp2Q,"['currenc', 'aetherium', 'cryptocurr', 'contract', 'blockchain', 'bitcoin', 'coin', 'block', 'proof', 'etherium']"
122,IbHgcbo8uKc,"['realism', 'realist', 'anti-realist', 'inertia', 'centuri', 'tower', 'scienc', 'scientif', 'percept', 'aristotelian']"
123,8bt6r6CIghw,"['biolog', 'rhythm', 'neurobiolog', 'evolutionari', 'bridg', 'adapt', 'neural', 'glitch', 'cell', 'timescal']"
124,yyFPYOa7bA0,"['luggag', 'carri', 'erik', 'stubborn', 'convent', 'arrog', 'confid', 'wheel', 'justifi', 'einstein']"
125,EvSObcZBvfM,"['quantum', 'particl', 'everett', 'sean', 'event', 'space-tim', 'unfinish', 'causal', 'many-world', 'local']"
126,ehA0yvnd38k,"['grate', 'session', 'mile', 'jujitsu', 'friendship', 'shower', 'eat', 'a.m.', 'jiu-jitsu', 'deepli']"
127,WgLo4gmEraU,"['quantum', 'string', 'luggag', 'theori', 'particl', 'realism', 'unfinish', 'graviti', 'everett', 'sean']"
128,ApVFK3FjgMI,"['mar', 'galaxi', 'tesla', 'kick', 'unlock', 'spacex', 'link', 'easter', 'remak', 'film']"
129,7jFdxd1qX2g,"['cosmo', 'voyag', 'carl', 'spacecraft', 'season', 'sagan', 'scienc', 'send', 'spacefar', 'record']"
130,gU-mkuMU428,"['ava', 'machina', 'ex', 'conscious', 'alien', 'quantum', 'film', '2001', 'annihil', 'sentienc']"
131,l5Uw8qG7vZU,"['syndrom', 'impostor', 'self-doubt', 'pave', 'comparison', 'envi', 'poison', 'self-critic', 'gratitud', 'passion']"
132,KrdZ46MfNrM,"['conscious', 'dean', 'mendel', 'narr', 'freewil', 'john', 'backtrack', 'neurobiolog', 'nixon', 'inherit']"
133,DKyzcbNr8WE,"['neurobiolog', 'hopfield', 'biolog', 'network', 'feed-forward', 'dynam', 'physic', 'john', 'neural', 'physicist']"
134,GFB0o1QQyLw,"['respect', 'disagr', 'mockeri', 'stove', 'bust', 'outclass', 'critic', 'chop', 'convers', 'internet']"
135,DCjeM3Sei-s,"['compress', 'program', 'occam', 'shortest', 'induct', 'simplic', 'razor', 'complex', 'fractal', 'data']"
136,E1AxVXt2Gv4,"['agent', 'compress', 'reward', 'induct', 'ihc', 'compressor', 'program', 'horizon', 'model', 'intellig']"
137,AQUAPiHahVY,"['frequentist', 'bayesian', 'statist', 'theta', 'discoveri', 'fals', 'data', 'decis', 'loss', 'invers']"
138,EYIKy_FM9x0,"['advertis', 'market', 'facebook', 'decis', 'gradient', 'bayesian', 'stochast', 'kind', 'know', 'compani']"
139,wuJa1lnv_TQ,"['burnout', 'all-night', 'heaven', 'unborn', 'sleep', 'burn', 'depress', 'nine', 'ilona', 'kiwi']"
140,V-8cx-vQZZQ,"['quantum', 'supremaci', 'classic', 'qubit', 'amplitud', 'sampl', 'comput', '53', 'output', 'np']"
141,1k37OcjH7BM,"['learn', 'habit', 'special', 'syntax', 'coursera', 'debug', 'teach', 'recod', 'deep', 'phd']"
142,0jspaMLxBig,"['learn', 'coursera', 'team', 'factori', 'helicopt', 'compani', 'stanford', 'ai', 'machin', 'reinforc']"
143,wKw1tpN7NVE,"['shower', 'cold', 'freez', 'practic', 'miriam', 'hekia', 'self-disciplin', 'everyday', 'muscl', 'arianna']"
144,nK9pzRevsHQ,"['qubit', 'amplitud', 'quantum', 'superposit', 'slit', 'comput', 'interfer', 'error', 'electron', 'reliabl']"
145,uX5t8EivCaM,"['qubit', 'quantum', 'amplitud', 'supremaci', 'comput', 'know', 'speed-up', 'classic', 'superposit', 'cryptographi']"
146,7bLeQFhPwzk,"['instruct', 'fetch', 'execut', 'branch', 'parallel', 'graph', 'narr', 'noisi', 'paragraph', 'calcul']"
147,Ow25mjFjSmg,"[',', '.', 'predic', 'function', 'invari', 'f', 'vc-dimens', 'x', 'hilbert', '?']"
148,bQa7hpUpMzM,"[',', '.', 'predic', '-', '?', 'symmetri', 'converg', 'function', 'vladimir', 'admiss']"
149,1CSeY10zbqo,"['recip', 'bread', 'buffer', 'rewrit', 'omelet', 'yeast', 'instruct', 'x86', 'unpack', 'outlier']"
150,c01BlUDIlK4,"['transistor', 'moor', 'shrink', 'comput', 'brick', 'law', 'search', 'atom', 'mathemat', 'layer']"
151,ZJoccjJ5KYw,"['pasternak', 'metallica', 'puriti', 'poem', 'russian', 'poet', 'java', 'vamoos', 'post-it', 'janela']"
152,ymcOLL2qEg8,"['craftsmen', 'car', 'autopilot', 'thoroughli', 'drive', 'ballist', 'safeti', 'acceler', 'complic', 'autonom']"
153,rnfAVasBkQc,"['bukowski', 'isol', 'mockeri', 'charl', 'girlfriend', 'flame', 'endur', 'bench', 'jail', 'dice']"
154,Nb2tebYAaOA,"['transistor', 'comput', 'moor', 'instruct', 'shrink', 'parallel', 'craftsmen', 'recip', 'atom', 'fetch']"
155,JBdMWnrI3fM,"['jerri', 'joe', 'kinder', 'forrest', 'surreal', 'music', 'open-minded', '3rd', 'gump', 'kennedi']"
156,uKIk5AL16Bg,"['conscious', 'consciou', 'psychism', 'particl', 'qualia', 'babi', 'subject', 'view', 'space-tim', 'plant']"
157,LW59lMvxmY4,"['conscious', 'consciou', 'simul', 'clone', 'virtual', 'univers', 'freewil', 'view', 'brain', 'experi']"
158,h2SscdSVzE8,"['video', 'warcraft', 'youtub', 'watch', 'titl', 'click', 'algorithm', 'user', 'cluster', 'heurist']"
159,nkWmiNRPU-c,"['video', 'youtub', 'watch', 'creator', 'viral', 'warcraft', 'channel', 'cluster', 'user', 'titl']"
160,WbLQqPw_n88,"['energi', 'latenc', 'consumpt', 'neural', 'net', 'weight', 'reus', 'input', 'stationari', 'filter']"
161,OJQepiqSWvg,"['trade', 'welfar', 'econom', 'health', 'govern', 'economi', 'polit', 'medicar', 'insur', 'denmark']"
162,4zrU54VIK6k,"['encrypt', 'privaci', 'data', 'decrypt', 'feder', 'remot', 'epsilon', 'queri', 'hospit', 'differenti']"
163,owGn_BS--Hs,"['problemat', 'chess', 'situat', 'hierarch', 'drive', 'collabor', 'superflu', 'problem', 'ana', 'human']"
164,J21-7AsUcgM,"['robot', 'trust', 'right', 'bia', 'roboticist', 'ethic', 'batch', 'perfect', 'interact', 'human']"
165,v2eul2PIFpY,"['anticip', 'pedestrian', 'causal', 'learn', 'missu', 'system', 'limb', 'street', 'commit', 'ground']"
166,-RXyzNWOf_Y,"['r2', 'math', 'discoveri', 'pythagorean', 'invent', 'manifold', 'equat', 'dimension', 'physic', 'abstract']"
167,UwwBG-MbniY,"['experi', 'vacat', 'anticip', 'system', 'subject', 'self', 'collabor', 'stori', 'mean', 'intuit']"
168,ao3UoceiL2w,"['moder', 'moon', 'jfk', 'skeptic', 'geoffrey', 'persever', 'suspicion', 'soup', 'suspici', 'automata']"
169,Wtbhb1DM30U,"['psychiatri', 'bioengin', 'psychiatrist', 'hello', 'drove', 'spark', 'c++', 'recal', 'mind', 'drug']"
170,0VH1Lim8gL8,"['learn', 'deep', 'network', 'model', 'excit', 'reinforc', 'neural', '2020', 'pi', 'ai']"
171,U_lKUK2MCsg,"['notat', 'math', 'abstract', 'infin', 'equat', 'imaginari', 'zeta', 'visual', 'e', 'discoveri']"
172,6X_GYIJFdcc,"['lenin', 'stalin', 'seiz', 'communist', 'coup', 'war', 'imperi', '1917', 'power', 'regim']"
173,XDTOs8MgQfg,"['graph', 'planar', 'np', 'minor', 'hex', 'polynomi', 'player', 'algorithm', 'p', 'finit']"
174,oCkkjnpS2f8,"['putin', 'stalin', 'lenin', 'russia', 'capit', 'power', 'regim', 'crave', 'leader', 'presid']"
175,vG0D-kKTF1g,"['basebal', 'tack', 'macro', 'chair', 'cricket', 'write', 'rewrit', 'tablet', 'revis', 'program']"
176,GghbC3k0yRY,"['ant', 'coloni', 'aunt', 'conni', 'cognit', 'conway', 'dice', 'perimet', 'microbiom', 'pheromon']"
177,Pet94FF3qps,"['geek', 'bother', 'tour', 'regist', 'pronounc', 'reson', 'jacobi', 'abel', 'prick', 'boul']"
178,2BdBfsXbST8,"['graph', 'notat', 'algorithm', 'arrow', 'geek', 'np', 'volum', 'program', 'planar', 'minor']"
179,ZVbAOpYv7Sk,"['stoop', 'sinew', 'worn-out', 'foe', 'rudyard', 'kipl', 'pitch-and-toss', 'knave', 'heap', 'impostor']"
180,ImKkaeUx1MU,"['intellig', 'analog', 'copycat', 'concept', 'hofstadt', 'melani', 'ai', 'fe', 'percept', 'innat']"
181,vGQ3q4dO_9s,"['string', 'theori', 'spaghetti', 'mathemat', 'particl', 'overarch', 'debat', 'public', 'thick', 'clarifi']"
182,OE0GjS16jyU,"['quadrant', 'supersymmetri', 'symmetri', 'mathemat', 'bucket', 'electron', 'carrier', 'pie', '1915', 'newton']"
183,IUHkhB366tE,"['mathemat', 'string', 'bucket', 'supersymmetri', 'quadrant', 'carrier', 'forc', 'symmetri', 'newton', 'einstein']"
184,CWb2DGmyr74,"['bu', 'cafe', 'passeng', 'snow', 'man', 'hill', 'young', 'carolina', 'swept', 'unaffect']"
185,b2bE4zFTvnU,"['michael', 'mortal', 'legaci', 'extend', 'embrac', 'memori', 'destin', 'rippl', 'birthdat', ""d'urbervil""]"
186,lYl4uFUBaRQ,"['lane', 'geometr', 'car', 'safeti', 'camera', 'forg', 'moe', 'drive', 'autonomi', 'approach']"
187,kNqI-PWJsX4,"['vsauc', 'plug', 'respons', 'burden', 'curios', 'zilean', 'michael', 'earnestli', 'lea', 'fandom']"
188,ZPPAOakITeQ,"['car', 'self-driv', 'cancer', 'fli', 'doctor', 'darpa', 'lane', 'skill', 'vehicl', 'helicopt']"
189,GExZrVvT2fw,"['scream', 'moan', 'guilti', 'chatbot', 'instinct', 'pain', 'destroy', 'intellig', 'robot', 'qualia']"
190,BkhIenG0wgk,"['conscious', 'contain', 'state', 'memori', 'barbour', 'plenti', 'julian', 'capsul', 'fragment', 'anthrop']"
191,2A1FOi1plmQ,"[',', '.', 'cat', '?', '...', '``', 'forgot', 'wit', 'vat', ""what'""]"
192,3qMemn__kK8,"['flat', 'earth', 'vsauc', 'michael', 'cat', 'ghost', 'video', 'youtub', 'worri', 'graviti']"
193,SLpMIlR1WGw,"['alexa', 'custom', 'speech', 'stone', 'devic', 'recognit', 'launch', 'bar', 'household', 'frustrat']"
194,f2aOe-AATps,"['custom', 'alexa', 'convers', 'bot', 'judg', 'engag', 'prize', 'phase', 'skill', '20-minut']"
195,Ad89JYS-uZM,"['alexa', 'custom', 'devic', 'skill', 'convers', 'voic', 'amazon', 'dialogu', 'interact', 'launch']"
196,0rd3TB_dIQo,"['coach', 'ball', 'soccer', 'punish', 'blueprint', 'commun', 'reward', 'compass', 'pass', 'model']"
197,oFy2927b8jQ,"['causat', 'correl', 'king', 'vegetarian', 'asleep', 'food', 'exil', 'bell', 'vari', 'caus']"
198,5vH__7w346Q,"['.', ',', '(', ')', 'interview', '-', 'laugh', 'professor', 'inertia', 'rebellion']"
199,Oh7ys3GIaTM,"['.', ',', '(', ')', 'fake', '?', 'free', 'illus', 'laugh', '-']"
200,s0nw1Y88aw0,"['sampl', 'exceed', 'concern', 'one-plu', 'speci', 'helpless', 'uncontrol', 'statistician', 'conjectur', 'poverti']"
201,pEBI0vF45ic,"[',', '.', '?', '-', 'judea', '(', ')', '``', '--', ""''""]"
202,DUPZhVdRvQM,"[',', '.', 'spacetim', 'many-world', '?', 'quantum', 'theorem', 'violat', 'emerg', 'cottag']"
203,JB2-5Lzverk,"[',', '.', 'medit', 'evolut', ""we'r"", 'mortal', 'inclin', 'contribut', 'evolv', '-']"
204,asAveTK0piw,"['credit', 'debt', 'overdon', 'iou', 'cycl', 'economi', 'asset', 'pdf', 'money', 'crisi']"
205,fI2QMqSapBM,"[',', '.', 'interviewe', 'hilbert', '-', 'vector', '122', '?', '--', 'intellectu']"
206,w7gIClKZ85s,"['standard', 'iso', 'vote', 'ship', 'c++', 'meet', 'committe', 'stl', 'compil', '11']"
207,9mL26U3GGcc,"['work-lif', 'phase', 'life', 'freedom', 'balanc', 'highest', 'meaning', 'happi', 'passion', 'grandkid']"
208,F-H2yg5PT04,"['mar', 'fusion', 'meltdown', 'cap', 'polar', 'pole', 'reactor', 'helium', 'ice', 'melt']"
209,mzcGvaZyyKs,"[',', '.', 'institut', 'aris', 'natur', 'illegitim', 'instinct', 'accommod', 'root', 'evil']"
210,orx9KG-GcaA,"['relationship', 'judg', 'authent', 'robot', 'trigger', 'cellulit', 'codepend', 'intend', 'comb', 'safe']"
211,_tg9F5_P3CY,"['meritocraci', 'assert', 'common', 'minded', 'meritocrat', 'triangul', 'epiphani', 'empathet', 'inclin', 'idea']"
212,0-3kw5BEKB8,"['codepend', 'robot', 'surveil', 'addict', 'dopamin', 'relationship', 'anim', 'comedian', 'whitney', 'adrenalin']"
213,TwSCDHqGAsg,"['principl', 'criteria', 'surgeri', 'algorithm', 'bridgewat', 'decis', 'convert', 'express', 'doctor', 'ai']"
214,mTzzvRBEGEM,"['money', 'correl', 'spiritu', 'dream', 'rarey', 'relationship', 'survey', 'meca', 'tensta', 'gate']"
215,GQ0IvUi1bds,"['money', 'currenc', 'medium', 'wealth', 'exchang', 'debt', 'devalu', 'stone', 'print', 'island']"
216,M95m2EFb7IQ,"['shaper', 'money', 'currenc', 'principl', 'debt', 'wealth', 'audaci', 'bank', 'dollar', 'work-lif']"
217,qsQvdo2GEQ4,"['.', ',', '?', 'mortal', '-', 'shrink', '(', '``', ')', ""''""]"
218,MRcrJHxhWMY,"['pack', 'remot', 'linearli', 'fix', 'puzzl', 'care', 'linear', 'unjust', 'closest', 'hear']"
219,cMscNuSUy0I,"[',', '.', 'noam', '?', '-', 'capac', 'linguist', 'lex', 'languag', 'newton']"
220,YPe5OP7Clv4,"['matrix', 'rotat', 'rectangl', 'rectangular', 'algebra', 'matric', 'singular', 'stretch', 'diagon', 'viewer']"
221,Lz_WksheWqc,"[',', '.', '?', 'vest', 'presid', '-', 'committe', 'shirt', '``', ""''""]"
222,QeasxsO82LU,"[',', '.', '?', '-', 'theorem', '10d', 'rotat', 'angl', 'plug', 'abstractli']"
223,_G6Sh7P-cK4,"['column', 'vector', 'matrix', 'row', 'perpendicular', 'algebra', 'dimens', 'space', 'linear', 'plane']"
224,osEADxaIKIc,"[',', '.', 'chuckl', 'calculu', '(', ')', '-', '!', 'algebra', 'flat']"
225,lEZPfmGCEk0,"['algebra', 'linear', 'matrix', 'math', 'calculu', 'column', 'flat', 'vector', 'matric', 'zip']"
226,8libSL9vc1U,"[',', '.', 're-us', ""y'know"", 'rocket', 'reusabl', 'shuttl', 'land', '-', 'sill']"
227,9Tqm1gWQxTs,"['mission', 'mar', 'earth', 'autonom', 'magellan', 'fulli', 'climat', 'autonomi', 'spaceship', 'priorit']"
228,tHldJ8-I1NE,"['mar', 'life', 'exoplanet', 'water', 'planet', 'milki', 'rover', 'earth-lik', 'evid', 'shield']"
229,2fI6bYnRgSc,"['mar', 'moon', 'astronaut', 'spacesuit', 'suit', 'mission', 'earth', 'apollo', 'pressur', 'explor']"
230,feRZv1-OLP0,"['branch', 'rewind', 'quantum', 'tablecloth', 'hop', 'wine', 'many-world', 'glass', 'observ', 'linen']"
231,vaFhEgLoUe0,"['privaci', 'differenti', 'nois', 'medic', 'databas', 'record', 'lung', 'privat', 'harm', 'analysi']"
232,4WGbCJQU6BU,"['equilibrium', 'game', 'theori', 'behalf', 'platform', 'nash', 'stabil', 'app', 'prison', 'foremost']"
233,AzdxbzHtjgs,"['fair', 'privaci', 'algorithm', 'platform', 'group', 'differenti', 'anonym', 'data', 'unfair', 'know']"
234,K3W56e9j4UY,"['simula', 'pascal', 'languag', 'type', 'christ', 'fortran', 'flexibl', '60', 'object-ori', 'program']"
235,TUFC9V0sA_U,"[',', 'wave', '.', 'electron', '?', ""there'"", 'function', 'particl', 'orbit', 'plonk']"
236,ilNPyQiEh2E,"['conscious', 'permeat', 'scientif', 'method', 'testili', 'anjali', 'self-awar', 'damnit', 'dramat', 'damag']"
237,6CTJMx64Vbw,"[',', '.', '?', 'high-precis', 'neuralink', 'factori', 'brain', 'trigger', 'neuron', 'stethoscop']"
238,1soLVufJWLU,"[',', '.', 'vector', 'accur', 'represent', 'theft', 'multi-task', 'sonar', '?', 'crash']"
239,LfRHpEY62r0,"[',', '.', 'neuralink', 'super-intellig', '-', 'dumber', 'singular', 'super-comput', ""it'll"", 'non-zero']"
240,eR99-PDZqTg,"[',', '.', 'tesla', 'autopilot', 'car', '?', 'human-driven', 'four-wheel', 'autopark', 'non-verb']"
241,4Ei7MQjRK0U,"['cortex', 'limbic', 'monkey', 'procreat', 'tertiari', 'impuls', 'brain', 'olymp', 'digit', 'net']"
242,9OmE4jEVIfQ,"['regulatori', 'seatbelt', 'agenc', 'safeti', 'refere', 'public', 'fought', 'ai', 'smoke', 'fa']"
243,lVsZD2wF1vw,"['``', ',', '.', 'sagan', 'carl', 'everi', 'one-planet', 'sunbeam', 'extinguish', 'sinner']"
244,smK9dgdTl40,"['cortex', 'limbic', 'brain', 'conscious', 'plastic', 'regulatori', 'agenc', 'neuron', 'malleabl', 'monkey']"
245,Dnj0rnlV2aA,"['entangl', 'electron', 'quantum', 'empti', 'vibrat', 'wave', 'field', 'nearbi', 'locat', 'unentangl']"
246,OPW1cDC_jT8,"['c++', 'templat', 'sortabl', 'type', 'concept', 'predic', 'compile-tim', 'cha', 'indiana', 'gcc']"
247,kOfXwml6ce4,"['alien', 'gold', 'deer', 'briefcas', 'forest', 'shakespear', 'hunter', 'homo', 'sapien', 'fear']"
248,5An1sNznblQ,"['c++', 'languag', 'code', 'assembl', 'motorola', 'rubi', 'pig', 'pong', 'javascript', 'shrink']"
249,PosRteenGvQ,"['reliabl', 'simplif', 'code', 'crash', 'c++', 'pedal', 'secur', 'telephon', 'simpler', 'steamer']"
250,pnWkj6Caelc,"['code', 'guidelin', 'regul', 'smell', 'michelangelo', 'michel', 'angelo', 'chisel', 'painter', 'rule']"
251,Ygmg5WJwYTc,"['episod', 'charlatan', 'disagre', 'convers', 'atheist', 'evolut', 'talk', 'dismiss', 'unfair', 'ventur']"
252,ZQds2aGHwDA,"['compil', 'linker', 'c++', 'gcc', 'monocultur', 'stale', 'clang', 'backend', 'front', 'implement']"
253,fjIhFzTUB9I,"['fuzzi', 'c++', 'program', 'reliabl', 'ninety-eight', 'chopper', 'pre-screen', 'aeroplan', 'unapp', 'stove']"
254,LlZWqkCMdfk,"['destructor', 'constructor', 'c++', 'type', 'acquisit', 'birth', 'resourc', 'corsi', 'justjust', 'gu']"
255,uTxRF5ag27A,"['c++', 'languag', 'code', 'compil', 'program', 'type', 'templat', 'c', 'object-ori', 'simula']"
256,9GV4QmQWJGU,"['infin', 'hilbert', 'entropi', 'infinit', 'space', 'veloc', 'comfort', 'dimension', 'number', 'dimens']"
257,DG5j1HsWAOg,"['arrow', 'entropi', 'emerg', 'thermodynam', 'time', 'disorgan', 'ellips', 'backward', 'law', 'branch']"
258,kxvQ3Wyw2M4,"['wavefunct', 'collaps', 'quantum', 'wave', 'theori', 'particl', 'conserv', 'schroding', 'epistem', 'hilbert']"
259,F0UjC6wfqmc,"[',', '.', '?', 'cognit', 'quantum', 'cell', 'capac', 'atom', 'mechan', 'perman']"
260,eHZHlbdOp9s,"['atom', 'tin', 'oxygen', 'electron', 'oxid', 'nucleu', 'chemist', '1900', '1800', 'neutron']"
261,vgks_1Gml7k,"['gravit', 'laplac', 'newton', 'sun', 'graviti', 'distanc', 'field', 'intuit', 'classic', 'limit']"
262,yppge-XoWLM,"[',', '.', 'quantum', 'mechan', 'textbook', 'veloc', 'classic', 'wave', 'locat', 'dramat']"
263,xmahFBpHoHc,"['math', 'extrapol', 'physic', 'indel', 'world', 'broadest', 'contigu', 'wigner', 'eugen', 'theori']"
264,iNqqOLscOBY,"['quantum', 'wave', 'arrow', 'mechan', 'electron', 'hilbert', 'wavefunct', 'theori', 'space-tim', 'entangl']"
265,hm9XvPWtZ6Q,"['immort', 'aurora', 'age', 'tiffani', 'youth', 'athena', 'genom', 'gene', 'zeu', 'mitochondria']"
266,hIYnMlkKe30,"['chess', 'mistak', 'human-machin', 'knew', 'crossroad', 'top', 'congratul', 'straight', 'confess', 'hatr']"
267,hbtuHtrViPo,"['chess', 'match', 'game', '1997', 'alpha', 'lost', 'machin', 'mistak', 'blue', 'ibm']"
268,Np1zODg5cqc,"['magnu', 'maradona', 'fisher', 'carlsen', '2800', 'garri', 'anand', 'chess', 'karpov', 'kasparov']"
269,Lt7cSpotGRA,"['marriag', 'just-just-just', 'gumpi', 'chess', 'life', 'tasti', 'accomplish', '89', 'york', 'butterfli']"
270,8RVa0THWUWw,"['chess', 'game', 'magnu', 'match', 'mistak', 'lost', 'karpov', 'machin', 'player', 'trump']"
271,ZyuN4Y9MXw0,"[',', '.', 'string', '?', 'vibrat', 'particl', ""''"", 'j.', '11-dimension', 'oppenheim']"
272,ssAGfhBInT0,"['framework', 'acquir', 'interpret', 'knowledg', 'turbin', 'foundat', 'similar', 'induct', 'republican', 'machin']"
273,1oC_Zigft3k,"['squirrel', 'god', 'heaven', 'pontif', 'sheet', 'religion', 'galileo', 'ethic', 'einstein', 'librari']"
274,OrBuE15CvCo,"['bubbl', 'bang', 'instant', 'hyperspac', 'univers', 'nirvana', 'timeless', 'bath', 'exclus', 'god']"
275,jshQHkAtZgY,"['sword', 'telepath', 'sensat', 'internet', 'democraci', 'chaplin', 'memori', 'chip', 'war', 'charli']"
276,DEu24V8vfb8,"['monkey', 'rabbit', 'dog', 'cybernet', 'stereo', 'hunter', 'predat', 'hand-ey', 'tentacl', 'thumb']"
277,kD5yc1LQrpQ,"['univers', 'alien', 'string', 'mar', 'immort', 'galaxi', 'theori', 'squirrel', 'star', 'fusion']"
278,bHPeGhbSVpw,"['object', 'machin', 'mida', 'gospel', 'pursu', 'corpor', 'transmiss', '20th', 'specifi', 'humbl']"
279,4Hx15WVxvII,"['jeopardi', 'score', 'passag', 'buzz', 'answer', 'candid', 'ibm', 'watson', 'search', 'web']"
280,JcWMVzkzQ1U,"['predict', 'convinc', 'intellig', 'interpret', 'prior', 'artifact', 'stuff', 'pre-program', 'reason', 'bound']"
281,Whtt2H5_isM,"['jeopardi', 'framework', 'interpret', 'dialogu', 'intellig', 'watson', 'score', 'acquir', 'human', 'passag']"
282,CycWAqivFu0,"['mimick', 'rule-bas', 'dens', 'sampl', 'symbol', 'point-by-point', 'deplan', 'network', 'input', 'explicit']"
283,-I6plWpbbSQ,"['exponenti', 'signific', 'recurs', 'friction', 'progress', 'consumpt', 'self-improv', 'discoveri', 'resourc', 'scienc']"
284,_TWgsvF4hBQ,"['playlist', 'track', 'mainstream', 'music', 'semant', 'tast', 'song', 'editor', 'spotifi', 'catalog']"
285,44tFKZhPyP0,"['cafe', 'librari', 'chao', 'psychic', 'tensorflow', 'deepen', '2015', 'python', 'usabl', 'cara']"
286,LqGTFqPEXWs,"['lesli', 'rate', 'publish', 'train', 'unpublish', 'astonishingli', 'unexplain', 'gradual', 'paramet', 'disinterest']"
287,rvRwHKeNNAo,"['innat', 'evolut', 'librari', 'cumul', 'dawkin', 'dognit', 'ibex', 'biolog', 'nurtur', 'gene']"
288,XHyASP49ses,"['swift', 'torch', 'pi', 'python', 'librari', 'tensorflow', 'flow', 'tensor', 'switch', 'tf']"
289,maAJXNDjIcQ,"['object', 'basal', 'ganglia', 'predictor', 'content', 'model', 'peak', 'babi', 'stupid', 'graviti']"
290,y0c1yrPDLN8,"['explan', 'trust', 'collater', 'adversari', 'metaphor', 'loan', 'gd', 'onbut', 'taxol', 'moffitt']"
291,_VPxEcT_Adc,"['lisp', 'parenthes', 'programm', 'edit', 'pseudocod', 'python', 'chapter', 'ai', 'explan', 'right']"
292,_UOCD4nKseQ,"['rewir', 'dimens', 'visual', 'quantum', 'intuit', 'wire', 'mathemat', 'convert', 'dimension', 'relent']"
293,sHaGQg0avLg,"[',', '?', '.', ""''"", 'agent', 'answer', '...', 'satisfi', '-', 'underli']"
294,3jNSlGHC0O0,"['quantum', 'superconductor', 'hole', 'neuroscientist', 'materi', 'black', 'system', 'factor', 'mechan', 'larg']"
295,pcF51qtpKHA,"['doubt', 'ego', 'arrog', 'humil', 'outside-of-the-box', 'battl', 'veteran', 'working-class', 'flabbergast', 'fireman']"
296,6W0-rhAe2Uo,"['hole', 'ligo', 'magnific', 'black', 'triumph', 'confirm', 'high-precis', 'lemur', 'astonish', 'telescop']"
297,s78hvV3QLUE,"['quantum', 'sitter', 'mechan', 'hole', 'revers', 'string', 'entangl', 'mathemat', 'system', 'graviti']"
298,8N_ljeGoLKA,"['clerk', 'brain', 'exponenti', 'bottleneck', 'intellig', 'roam', 'tweak', 'problem-solv', 'patent', 'explos']"
299,gIYoiRX-eF4,"['eisenhow', 'infrastructur', 'citi', 'yes/no', 'prosper', 'ro', 'specul', 'presid', 'kennedi', 'l5']"
300,j7gM19hphRk,"['robot', 'cost', 'roomba', 'mill', 'mold', 'skin', 'burden', 'busi', 'roboticist', 'plastic']"
301,rKKtFR3koM4,"['benchmark', 'tini', 'cortex', 'boolean', 'heat', 'nerv', 'fiber', '1', 'ga', 'sliver']"
302,x0-zGdlpTeg,"['cancer', 'hospit', 'drug', 'mammogram', 'molecul', 'patient', 'diseas', 'translat', 'breast', 'data']"
303,rojCCjUC2GI,"['vehicl', 'sensor', 'autonom', 'nan', 'vision', 'lidar', 'cheap', 'camera', 'automobil', 't-shirt']"
304,IbQyOCkrddY,"[',', '.', 'lidar', 'centimet', 'crutch', 'percept', '?', '-', 'io', 'local']"
305,1d9Dj9dT_pw,"['robot', 'home', 'irobot', 'roomba', 'vacuum', 'kitchen', 'privaci', 'colin', '29', 'mop']"
306,sRpupOIrGxc,"['cell', 'embryo', 'brain', 'glia', 'myelin', 'develop', 'tube', 'stem', 'build', 'natali']"
307,Ph1TMC9qZYA,"[',', '?', '.', 'impati', '``', 'hundred-year', 'grandchildren', 'overestim', 'extend', 'lifetim']"
308,oD54vJlG-S4,"['intellig', 'extern', 'scale', 'problem-solv', 'brain', 'agent', 'self-improv', 'superhuman', 'instanc', 'scienc']"
309,WvdR2QEdbt8,"['hal', 'mission', 'object', 'misalign', '9000', 'millennia', 'astronaut', 'law', 'design', 'odyssey']"
310,Bo8MY4JpiXE,"['intellig', 'exponenti', 'prior', 'benchmark', 'algorithm', 'instanc', 'human-lik', 'increasingli', 'recurs', 'self-improv']"
311,YxKMiVqqBgU,"[',', '.', 'hoover', 'schmidt', '?', 'win', 'maxim', 'compress', 'purpos', 'reward']"
312,lLnp51A6azc,"['men', 'differenti', 'music', 'artifici', 'far', 'intellig', 'question', 'believ', 'creat', 'ask']"
313,Bi7f1JSSlh8,"['transfer', 'practic', 'nlp', 'label', 'glm', 'trendi', 'ruder', 'activ', 'learn', 'homag']"
314,1F77Jy7BJzQ,"['intellig', 'life', 'radio', 'monolith', 'solar', 'open-mind', 'timescal', 'artifact', 'civil', 'ania']"
315,HYsLTNXMl1Q,"['robot', 'fli', 'swarm', 'agil', 'motor', 'autonomi', 'uav', 'drone', 'aerial', 'rotor']"
316,JBSj5OP64LM,"['simul', 'standpoint', 'metaphys', 'physic', 'restart', 'love', 'test', 'realm', 'correct', 'meaning']"
317,_oLA7jH23m4,"['bass', 'parasit', 'dupe', 'flower', 'fleshi', 'lure', 'telogen', 'outwit', 'herit', 'male']"
318,J7z9V44SFSw,"['static', 'counterfactu', 'centimet', 'lane', 'lidar', 'drift', 'map', 'car', 'lighter', 'codebas']"
319,UQAHz_JoGJ0,"['suitcas', 'sofia', 'trophi', 'winograd', 'ganglia', 'sophia', 'embodi', 'ground', 'bandwidth', 'emot']"
320,uYv8eFLe0Tg,"[',', '.', ':', 'autonomi', 'phase', 'ai-lik', 'over-engin', 'long-', ""we'll"", 'closest']"
321,YAfwNEY826I,"['hippocampu', 'memori', 'knowledg', 'logic', 'incompat', 'energi', 'brittl', 'discret', 'gestur', 'recurr']"
322,SGSOCuByo24,"['causal', 'supervis', 'object', 'learn', 'predict', 'model', 'train', 'benchmark', 'net', 'ganglia']"
323,_SpptYg_0Rs,"['simul', 'vm', 'narr', 'upward', 'apart', 'postmodern', 'hack', 'virtual', 'unfalsifi', 'modernist']"
324,4CTDdxfSXF0,"['model', 'tobago', 'trinidad', 'hummingbird', 'expert', 'widget', 'bear', 'train', 'fine-tun', 'domain']"
325,J6XcP4JOHmk,"['swift', 'gpu', 'learn', 'data', 'torch', 'python', 'apl', 'train', 'program', 'model']"
326,lNxJu0I6vvM,"[',', '.', 'struggl', 'owe', 'life-long', 'failur', 'onstag', 'truth-tel', 'mightili', 'risen']"
327,dpqLy-3cHmc,"[',', '.', 'toaster', ""can't"", 'complac', 'tesla', '...', 'vastli', 'appear', 'confid']"
328,i6rnzk8VU24,"['fe', 'santa', 'ai', 'frankenstein', 'mccarthi', 'institut', 'simon', 'herb', 'harold', 'male']"
329,zhZXZ35lF7s,"[',', '.', '?', 'competit', 'satellit', 'spacex', 'smartsat', 'maya', 'remap', 'beaver']"
330,PliUHKl5xA4,"[',', '.', 'metabol', '?', 'compartment', '-', 'replic', 'molecul', 'rna-lik', 'cellular']"
331,S7gSD-LXT34,"[',', '.', 'routin', 'job', 'retrain', 'displac', 'unemploy', 'yang', 'candid', 'challegn']"
332,anXep8kBOCg,"['lockhe', 'aircraft', 'martin', 'mission', 'missil', 'defens', 'pilot', 'autonomi', 'deterr', 'hyperson']"
333,f3nF7sq1gKE,"['sensor', 'suit', 'crutch', 'lidar', '37,000', 'econom', 'megapixel', 'cost', 'cheapest', '$']"
334,YIVf3P3zq7g,"['?', ',', 'agi', '-', 'simul', 'outsid', 'somebodi', 'els', 'question', 'creat']"
335,RQ6Xk3ZHso4,"['.', ',', 'georg', 'tesla', '-', 'android', 'lane', 'kinda', 'increment', 'autonomi']"
336,lVHRs3uTHNI,"['cell', 'brain', 'organoid', 'embryo', 'myelin', 'cortex', 'stem', 'develop', 'neuron', 'cerebr']"
337,iwcYp-XT7UI,"['lane', 'driver', 'car', 'monitor', 'mo', 'tesla', 'pilot', 'disengag', 'simul', 'static']"
338,QDN6xvhAw94,"['microsoft', 'platform', 'linkedin', 'sort', 'democrat', 'product', 'bulli', 'fake', 'ubiquit', 'jaron']"
339,v-9Mpe7NhkM,"['playlist', 'music', 'spotifi', 'song', 'listen', 'podcast', 'user', 'piraci', 'product', 'album']"
340,Tj6NOfdfa4o,"['vehicl', 'urban', 'technolog', 'safeti', 'drive', 'road', 'econom', 'driver', 'mile', 'darpa']"
341,cQ48rP_Rs4g,"['chines', 'china', 'job', 'govern', 'routin', 'compani', 'entrepreneur', 'ai', 'infrastructur', 'countri']"
342,l-NJrvyRo0c,"['univers', 'simul', 'entangl', 'freedom', 'intellig', 'conscious', 'life', 'metabol', 'kate', 'particl']"
343,-EVqrDlAqYo,"['cup', 'neocortex', 'coffe', 'frame', 'brain', 'synaps', 'neuron', 'refer', 'cell', 'cortex']"
344,vgUGv1977ws,"['huffington', 'obsess', 'thrive', 'recharg', 'post', 'soul', 'arianna', 'left', 'all-night', 'viewpoint']"
345,kq0VO1FqE6I,"['wearabl', 'emot', 'stress', 'seizur', 'fda', 'epilepsi', 'smile', 'read', 'wrist', 'ai']"
346,NERNE4UThHU,"['tensorflow', '2.0', 'ecosystem', 'googl', 'team', 'deadlin', 'kari', 'enterpris', 'api', 'flow']"
347,yCd3CzGSte8,"['compil', 'swift', 'lvm', 'llvm', 'python', 'c', 'gcc', 'clang', 'code', 'hardwar']"
348,9pR6PjfyyfA,"['wrestl', 'olymp', 'gabl', 'coach', 'wrestler', 'champion', 'freestyl', 'athlet', 'championship', 'got']"
349,Kedt2or9xlo,"['starcraft', 'protoss', 'blizzard', 'game', 'alpha', 'play', 'agent', 'player', 'action', 'strategi']"
350,bmjamLZ3v8A,"[',', '.', 'annot', 'human-cent', 'recognit', 'supervis', '?', 'face', 'learning-bas', 'ai']"
351,Z6rxFNMGdn0,"['adversari', 'gan', 'train', 'model', 'imag', 'learn', 'photo', 'classifi', 'algorithm', 'discrimin']"
352,dEv99vxKjVI,"[',', '.', '-', '?', 'autopilot', 'tesla', 'elev', 'car', 'driver', 'vigil']"
353,bIrEM2FbOLU,"['charter', 'gpt', 'agi', 'dota', 'mission', 'scale', 'open', 'ilp', 'right', 'ai']"
354,2wq9x2QcZN0,"[',', '.', '?', '-', '--', 'lehrer', 'tom', 'parasit', 'boomer', 'eric']"
355,Er7Dy8rvqOc,"['robot', 'journal', 'plan', 'uncertainti', 'abstract', 'review', 'shaki', 'symbol', 'model', 'airport']"
356,p5AtrKqQ3Fw,"['singapor', 'pillar', 'oscar', 'vega', 'voxel', 'safeti', 'drive', 'valid', 'karl', 'autonom']"
357,-j0tc0Y1CIE,"['self-driv', 'car', 'curriculum', 'udac', 'voyag', 'vehicl', 'folk', 'retir', 'senior', 'insur']"
358,Q0nGo2-y0xY,"['agent', 'vehicl', 'model', 'simul', 'drive', 'scenario', 'data', 'tail', 'handl', 'environ']"
359,YUYagvESisE,"['retrofit', 'vehicl', 'twitch', 'car', 'drive', 'gm', 'fleet', 'autonom', 'driverless', 'crew']"
360,sRxaMDDMWQQ,"[',', '.', 'vehicl', 'autonom', 'semi-autonom', 'fatal', 'autonomi', 'lidar', 'drive', 'tesla']"
361,zR11FLZ-O9M,"['polici', 'reward', 'action', 'rl', 'agent', 'learn', 'reinforc', 'dq', 'q', 'network']"
362,aSyZvBrPAyk,"['cortex', 'brain', 'network', 'powerpoint', 'intellig', 'neurosci', 'ethic', 'composition', 'transistor', 'label']"
363,53YvP6gdD7U,"['.', ',', 'decod', 'sequenc', 'represent', 'self-attent', 'sentenc', 'network', 'imagenet', 'input']"
364,O5xeyoRL95U,"['.', ',', 'network', 'represent', 'neural', 'data', 'classif', 'input', 'learn', 'imag']"
365,b7bStIQovcY,"['game', 'poker', 'player', 'strategi', ""hold'em"", 'oppon', 'imperfect', 'equilibrium', 'nash', 'auction']"
366,3FIo6evmweo,"['compress', 'solver', 'problem', 'network', 'creativ', 'univers', 'solv', 'salesman', 'learn', 'lcm']"
367,l-mYLq6eZPY,"['robot', 'rl', 'racket', 'reinforc', 'learn', 'tile', 'simul', 'reward', 'linear', 'swing']"
368,KsZI5oXBC0k,"['ai', 'alphago', 'chess', 'oversight', 'object', 'nuclear', 'machin', 'uncertainti', 'right', 'know']"
369,hIC9FQpxVwQ,"[',', '.', '?', '-', 'lex', 'platform', 'alto', 'larri', 'sergey', 'start-up']"
370,KZkYSSE8HHI,"['overflow', 'blog', 'programm', 'stack', 'discours', 'strict', 'program', 'forum', 'keyboard', 'unix']"
371,ghwaIiE3Nd8,"['python', 'program', 'packag', 'sort', 'languag', 'async', 'conscious', 'resign', 'compil', 'circuit']"
372,STFcvzoxVw4,"[',', '.', ':', 'vladimir', '?', 'duck', 'predic', 'lex', 'admiss', ""''""]"
373,bCA54RIkpTo,"['bluebel', 'yodel', 'knit', 'win', 'lose', 'nerd', 'mask', 'leak', 'divis', 'humbl']"
374,azOmzumh0vQ,"['disentangl', 'neural', 'learner', 'agent', 'net', 'learn', 'represent', 'knowledg', 'bia', 'variabl']"
375,epQxfSp-rdU,"['threat', 'weapon', 'cotton', 'goal', 'cancer', 'engin', 'cure', 'artifici', 'intellig', 'nuclear']"
376,OoC8oH0CLGc,"['driver', 'vehicl', 'tweet', 'pedestrian', 'control', 'drive', 'center', 'display', 'transfer', 'gear']"
377,YBvcKtLKNAw,"['disagr', 'steer', 'jetson', 'autopilot', 'command', 'percept', 'tx2', 'pink', 'cyan', 'tesla']"
378,piHkfmeU7Wo,"['conscious', 'consciou', 'experi', 'creatur', 'brain', 'soul', 'intellig', 'simul', 'paramecium', 'psychism']"
379,9EN_HoEk3KY,"['reinforc', 'reward', 'agent', 'learn', 'meta', 'polici', 'train', 'neural', 'algorithm', 'bot']"
380,5nnSSjer4j0,"['document', 'translat', 'sight', 'theme', 'googl', 'word', 'independ', 'fairli', 'claim', 'contribut']"
381,Gi8LUnhP5yU,"['intellig', 'agi', 'conscious', 'consciou', 'goal', 'self-preserv', 'gon', 'zombi', 'na', 'quantum']"
382,U6lJI-NSfBY,"['weapon', 'legal', 'militari', 'target', 'landmin', 'autonomi', 'tank', 'framework', 'autonom', 'sort']"
383,HVx9bwiMWGQ,"['offload', 'synchron', 'camera', 'ryder', 'data', 'board', 'vehicl', 'sensor', 'onboard', 'record']"
384,LiNSPRKHyvo,"['robot', 'humanoid', 'cheetah', 'leg', 'spot', 'patrol', 'pound', 'hydraul', 'atla', 'mini']"
385,Zsbb1Ze4T_M,"['util', 'jagger', 'forty-eight', 'desist', 'unstat', 'vener', 'mickey', 'scribe', 'keith', 'maxim']"
386,iMOD9TYRtr8,"['driver', 'autonom', 'vehicl', 'glass', 'classif', 'region', 'glantz', 'telli', 'off-road', 'integr']"
387,7ottuFZYflg,"['breakthrough', 'sexual', 'moor', 'busi', 'minimum', 'brain', 'burn', 'bet', 'revolut', 'phase']"
388,Gk3WsaQZ8pA,"['foolish', 'shame', 'technolog', 'overnight', 'allevi', 'compani', 'eighti', 'faith', 'difficulti', 'lose']"
389,bLv9MGsUt6g,"['batteri', 'constitu', 'kilowatt', 'nickel', 'cobalt', 'aluminum', 'materi', 'polym', 'steel', 'london']"
390,bfO4EkoGh40,"['soar', 'cognit', 'task', 'architectur', 'memori', 'forget', 'agent', 'represent', 'system', 'symbol']"
391,YT3pTu6R7OY,"['asham', 'steadili', 'stuck', 'notic', 'bother', 'proud', 'older', 'grew', 'slowli', 'page']"
392,YofMOh6_WKo,"['transfer', 'conceptu', 'domain', 'learnt', 'knowledg', 'board', 'fresh', 'acquisit', 'perceptu', 'heurist']"
393,j-jLkaGS-Jg,"['accumul', 'videogam', 'strateg', 'newer', 'chess', 'forese', 'open-end', 'machin', 'daughter', 'game']"
394,HKBhP9JISF0,"['vehicl', 'self-driv', 'copilot', 'automak', 'aurora', 'car', 'driver', 'volkswagen', 'ride-shar', 'control']"
395,dWSbItd0HEA,"['car', 'okay', 'rule', 'drive', 'road', 'hd', 'vehicl', 'singapor', 'driver', 'mobil']"
396,P7kX7BuHSFI,"['comput', 'wolfram', 'panda', 'languag', 'let', 'etcetera', 'wolf', 'symbol', 'cellular', 'sort']"
397,qwsft6tmvBA,"['infant', 'emot', 'brain', 'bodi', 'stasi', 'nervou', 'novelti', 'sensori', 'regul', 'intention']"
398,LSX3qdy0dFg,"['car', 'imageri', 'scene', 'obvious', 'sensor', 'self-driv', 'instanc', 'semant', 'drive', 'bu']"
399,9Z06rY3uvGY,"['neocortex', 'hierarchi', 'modul', 'biotechnolog', 'exponenti', 'markov', 'mammal', 'cerebellum', 'technolog', 'job']"
400,7ROelYvo8f0,"['cognit', 'circuit', 'infant', 'program', 'model', 'probabilist', 'industri', 'brain', 'okay', 'learn']"
401,-GV_A9Js2nM,"['speaker', 'intellig', 'emot', 'learn', 'wolfram', 'explor', 'network', 'represent', 'josh', 'weapon']"
402,Z2GfE8pLyxc,"['classif', 'annot', 'pedestrian', 'estim', 'glanc', 'driver', 'pose', 'load', 'data', 'detect']"
403,CLOAswsxudo,"['convolut', 'imag', 'network', 'segment', 'filter', 'pixel', 'net', 'flow', 'dilat', 'optic']"
404,MQ6pP65o7OM,"['reward', 'action', 'network', 'state', 'game', 'traffic', 'alphago', 'raw', 'updat', 'learn']"
405,_OCjqIgxwHw,"['autonomi', 'vehicl', 'driver', 'sensor', 'camera', 'autopilot', 'lidar', 'ultrason', 'car', 'l3']"
406,-6INDaLcuJY,"[',', '.', '...', 'network', ':', '!', 'imag', '?', 'neural', 'input']"
407,s3MuSOl1Rog,"['cat', 'imag', 'network', 'input', 'learn', 'neural', 'data', 'duck', 'machin', 'dog']"
408,0fLSf3NO0-s,"['vehicl', 'car', 'autonom', 'trajectori', 'forklift', 'camera', 'darpa', 'scanner', 'laser', 'nowaday']"
409,LDprUza7yT4,"['vehicl', 'safeti', 'autom', 'feder', 'manufactur', 'car', 'road', 'trolley', 'guidanc', 'brake']"
410,ByZF8_-OJNI,"[',', '.', 'frame', '?', 'dump', '--', 'load', 'cognit', 'frustrat', 'network']"
411,nFTQ7kHQWtc,"[',', '.', 'gradient', 'output', 'input', 'network', 'backpropag', 'lstm', '?', 'neural']"
412,U1toUkZw6VI,"['.', ',', 'imag', ':', 'convolut', 'input', '?', 'network', 'layer', ';']"
413,QDzM8r3WgBw,"['.', ',', 'reward', '``', 'q-function', ""''"", 'action', 'network', 'input', '?']"
414,1L0TKZQcUtA,"['.', ',', '?', '``', ""''"", 'network', 'imag', 'neural', '(', ')']"
415,11rsu_WwZTc,"['saddl', 'minima', 'net', 'composit', 'learn', 'paramet', 'region', 'local', 'exponenti', 'unsupervis']"
416,Ejec3ID_h0w,"['checkpoint', 'tensorflow', 'graph', 'tensor', 'train', 'front-end', 'c++', 'placehold', 'python', 'incept']"
417,G5RY_SUJih4,"['input', 'token', 'email', 'repli', 'output', 'sequenc', 'beam', 'vector', 'etc', 'okay']"
418,L1sHcj3qDNc,"['lua', 'torch', 'gradient', 'tensor', 'grad', 'librari', 'auto', 'c', 'graph', 'deriv']"
419,OU8I1oJ9HhI,"['variabl', 'graph', 'input', 'python', 'function', 'tiano', 'express', 'instanc', 'defin', 'gpu']"
420,PtAIh9KSnjo,"['q', 'polici', 'reward', 'action', 'function', 'pi', 'gradient', 'bellman', 'reinforc', 'backup']"
421,g-sndkf7mCs,"['transcript', 'audio', 'speech', 'ctc', 'acoust', 'blank', 'spectrogram', 'utter', 'hello', 'decod']"
422,oGk1v1jQITw,"['vector', 'word', 'sentenc', 'gru', 'sentiment', 'model', 'softmax', 'nlp', 'input', 'modul']"
423,rK6bchqeaN8,"['model', 'imag', 'sampl', 'represent', 'data', 'discrimin', 'spars', 'autoencod', 'variat', 'boltzmann']"
424,u6aEYuemt0M,"['layer', 'convolut', 'imag', 'network', 'filter', 'residu', 'volum', 'paramet', 'net', '28']"
425,zij_FTbJHsk,"['gradient', 'layer', 'pre', 'activ', 'paramet', 'neural', 'function', 'loss', 'unit', 'vector']"
426,wiYMwmPPGto,"['driver', 'massachusett', 'frustrat', 'voic', 'cambridg', '177', 'acoust', 'self-report', 'facial', 'apdex']"
427,ShxbqjnsB8c,"['instrument', 'gaze', 'cluster', 'detect', 'video', 'driver', 'bottom', 'semi-automat', 'inward-fac', 'pilot']"
428,a96PO823veM,"['synchron', 'optic', 'steer', 'vibrat', 'webcam', 'roadway', 'acceleromet', 'shotgun', 'dashboard', 'wheel']"
429,_US4sEfQ6Rw,"['beat', 'refere', 'hometown', 'toughest', 'score', 'match', 'habil', 'iu', 'impos', 'champion']"
430,7XzAsx-aRC4,"['knuckl', 'jiu-jitsu', 'grip', 'grappl', 'jujitsu', 'self-actu', 'cabrini', 'detail', 'self-defens', 'dang']"
431,HGZ4E-qUd1A,"['floyd', 'wrestl', 'fight', 'buffett', 'jiu-jitsu', 'mayweath', 'boxer', 'ninja', 'invest', 'untrain']"
432,qySBeiY8EqA,"['victori', 'moral', 'belt', 'quarter-fin', 'heavyweight', 'martial', 'mat', 'win', 'instanc', 'plat']"
433,94MBVD_tZeU,"['medal', 'gold', 'competit', 'prepar', 'properli', 'proper', 'dedic', 'victori', 'olympian', 'cowardli']"
434,o8nZaDw_mOs,"['movement', 'improvis', 'generalist', 'specialist', 'nowaday', 'portal', 'teacher', 'repetit', 'injuri', 'sport']"
